job_id,queue_name,priority,resource_pool,cpu_units,memory_mb,submitted_at,estimated_runtime_sec
job-B01,batch_analytics,3,pool_compute,4,2048,1700000010,120
job-B02,batch_analytics,5,pool_memory,2,4096,1700000015,60
job-B03,batch_analytics,3,pool_gpu,8,8192,1700000020,300
job-B04,batch_analytics,7,pool_compute,2,1024,1700000025,45
job-B05,batch_analytics,5,pool_network,1,512,1700000030,30
job-B06,batch_analytics,3,pool_compute,4,2048,1700000035,90
job-B07,batch_analytics,7,pool_memory,2,4096,1700000040,75
job-B08,batch_analytics,5,pool_gpu,8,8192,1700000045,240
job-B09,batch_analytics,3,pool_network,1,512,1700000050,15
job-B10,batch_analytics,7,pool_compute,4,2048,1700000055,60
job-B11,batch_analytics,5,pool_memory,2,1024,1700000060,90
job-B12,batch_analytics,3,pool_gpu,8,4096,1700000065,180
job-B13,batch_analytics,7,pool_compute,2,2048,1700000070,30
job-B14,batch_analytics,5,pool_network,1,512,1700000075,45
job-B15,batch_analytics,3,pool_memory,4,4096,1700000080,120
job-B16,batch_analytics,7,pool_compute,2,1024,1700000085,60
job-B17,batch_analytics,5,pool_gpu,8,8192,1700000090,300
job-B18,batch_analytics,3,pool_network,1,512,1700000095,20
